{
  "database": 983484,
  "database-outline": 988722,
  "account": 983044,
  "account-circle": 983049,
  "account-circle-outline": 985941,
  "advertisements": 989482,
  "airplane": 983069,
  "airplane-landing": 984532,
  "airplane-takeoff": 984533,
  "album": 983077,
  "alien": 985242,
  "alien-outline": 987339,
  "amplifier": 983088,
  "antenna": 987417,
  "apple": 983093,
  "apple-icloud": 983096,
  "apple-safari": 983097,
  "arm-flex": 987095,
  "arm-flex-outline": 987094,
  "artstation": 985947,
  "at": 983141,
  "atlassian": 985092,
  "atm": 986439,
  "aws": 986639,
  "badminton": 985169,
  "bag-carry-on": 986939,
  "bag-checked": 986941,
  "bag-personal": 986640,
  "bag-personal-outline": 986643,
  "bag-suitcase": 988555,
  "bag-suitcase-outline": 988556,
  "baguette": 986942,
  "bandage": 986543,
  "bank": 983152,
  "bank-outline": 986752,
  "barcode": 983153,
  "barley": 983155,
  "baseball": 985170,
  "baseball-bat": 985171,
  "basketball": 985094,
  "basketball-hoop": 986171,
  "basketball-hoop-outline": 986172,
  "bicycle": 987292,
  "bicycle-basket": 987701,
  "bicycle-cargo": 989340,
  "bicycle-electric": 988596,
  "bicycle-penny-farthing": 988649,
  "bike": 983203,
  "book": 983226,
  "book-multiple-outline": 984118,
  "book-open": 983229,
  "book-open-outline": 985955,
  "book-outline": 985956,
  "bowl-mix": 984599,
  "bowl-mix-outline": 983780,
  "bottle-tonic-plus": 987440,
  "bottle-tonic-plus-outline": 987441,
  "bowling": 983251,
  "bread-slice": 986350,
  "bread-slice-outline": 986351,
  "braille": 985552,
  "brain": 985553,
  "briefcase-variant": 988308,
  "brush-variant": 989203,
  "bug": 983268,
  "brush": 983267,
  "broadcast": 988960,
  "bus": 983271,
  "bus-school": 984991,
  "cake": 983273,
  "cake-layered": 983274,
  "cake-variant": 983275,
  "cake-variant-outline": 989168,
  "calculator": 983276,
  "camera": 983296,
  "candy": 989552,
  "candy-outline": 989555,
  "candycane": 983306,
  "car": 983307,
  "cart": 983312,
  "cart-outline": 983313,
  "cart-variant": 988651,
  "cash": 983316,
  "cat": 983323,
  "cellphone": 983324,
  "charity": 986191,
  "cheese": 987833,
  "chess-bishop": 985180,
  "chess-king": 985175,
  "chess-knight": 985176,
  "chess-pawn": 985177,
  "chess-queen": 985178,
  "chess-rook": 985179,
  "coffee": 983414,
  "coffee-maker": 987295,
  "coffee-maker-outline": 989211,
  "contactless-payment": 986474,
  "contactless-payment-circle": 983841,
  "controller-classic": 985986,
  "controller-classic-outline": 985987,
  "cookie": 983448,
  "corn": 985016,
  "cow": 983450,
  "credit-card-chip": 989455,
  "credit-card-chip-outline": 989456,
  "cricket": 986477,
  "cupcake": 985434,
  "desktop-mac": 983492,
  "desktop-mac-dashboard": 985576,
  "dumbbell": 983526,
  "egg": 985775,
  "egg-fried": 989258,
  "emoticon-cool": 986219,
  "face-man": 984643,
  "face-man-outline": 986006,
  "face-woman": 987255,
  "face-woman-outline": 987256,
  "facebook": 983564,
  "ferry": 983571,
  "firebase": 985447,
  "firefox": 983609,
  "flash": 983617,
  "flask": 983187,
  "flower": 983626,
  "flower-outline": 985584,
  "flower-tulip": 985585,
  "flower-tulip-outline": 985586,
  "food": 983642,
  "food-apple": 983643,
  "food-apple-outline": 986244,
  "food-croissant": 985032,
  "food-drumstick": 988191,
  "food-drumstick-outline": 988192,
  "food-fork-drink": 984562,
  "food-hot-dog": 989259,
  "food-takeout-box-outline": 989239,
  "food-turkey": 988956,
  "food-variant": 983644,
  "football": 983645,
  "football-australian": 983646,
  "football-helmet": 983647,
  "french-fries": 989527,
  "fridge-bottom": 983698,
  "fridge-variant": 988660,
  "fruit-cherries": 987202,
  "fruit-grapes": 987204,
  "fruit-grapes-outline": 987205,
  "fruit-pineapple": 987206,
  "fruit-watermelon": 987207,
  "gamepad": 983702,
  "gamepad-circle": 986675,
  "gift-open": 988913,
  "gift-open-outline": 988914,
  "gift-outline": 983713,
  "git": 983714,
  "github": 983716,
  "gitlab": 986016,
  "glass-cocktail": 983894,
  "go-kart": 986489,
  "gold": 987727,
  "golf": 985123,
  "golf-cart": 987556,
  "google": 983725,
  "google-ads": 986247,
  "google-analytics": 985036,
  "google-assistant": 985037,
  "google-downasaur": 988002,
  "google-drive": 983734,
  "guitar-acoustic": 984945,
  "guitar-electric": 983748,
  "hamburger": 984709,
  "heart": 983761,
  "hospital": 987126,
  "hospital-box": 983776,
  "hospital-box-outline": 987127,
  "hospital-building": 983777,
  "hospital-marker": 983778,
  "instagram": 983806,
  "island": 987215,
  "kettle-steam": 987929,
  "kettle-steam-outline": 987930,
  "keyboard": 983820,
  "kickstarter": 984901,
  "kite": 989573,
  "kite-outline": 989574,
  "kitesurfing": 988996,
  "language-c": 984689,
  "language-cpp": 984690,
  "language-csharp": 983835,
  "language-css3": 983836,
  "language-fortran": 987674,
  "language-go": 985043,
  "language-haskell": 986258,
  "language-html5": 983837,
  "language-java": 985911,
  "language-javascript": 983838,
  "language-kotlin": 987673,
  "language-lua": 985265,
  "language-markdown": 983892,
  "language-markdown-outline": 986971,
  "language-php": 983839,
  "language-python": 983840,
  "language-r": 985044,
  "language-ruby": 986413,
  "language-ruby-on-rails": 985807,
  "language-rust": 988695,
  "language-swift": 984805,
  "language-typescript": 984806,
  "language-xaml": 984691,
  "laptop": 983842,
  "leaf": 983850,
  "leaf-circle": 989445,
  "leaf-circle-outline": 989446,
  "linkedin": 983867,
  "linux": 983869,
  "linux-mint": 985325,
  "lipstick": 988085,
  "lotion": 988546,
  "lotion-outline": 988547,
  "map-legend": 985601,
  "map-marker": 983886,
  "microsoft": 983922,
  "microsoft-access": 988046,
  "microsoft-office": 984006,
  "microsoft-xbox": 984505,
  "microsoft-xbox-controller": 984506,
  "microwave": 986265,
  "mixed-martial-arts": 986511,
  "monitor": 983929,
  "monitor-cellphone": 985481,
  "monitor-cellphone-star": 985482,
  "monitor-dashboard": 985607,
  "monitor-edit": 987846,
  "monitor-eye": 988084,
  "monitor-lock": 986587,
  "monitor-multiple": 983930,
  "monitor-off": 986512,
  "monitor-screenshot": 986705,
  "mouse": 983933,
  "movie-open": 987086,
  "movie-open-outline": 987087,
  "muffin": 985484,
  "music": 984922,
  "music-box": 983940,
  "music-box-outline": 983941,
  "music-circle": 983942,
  "music-circle-outline": 985812,
  "music-clef-treble": 986992,
  "netflix": 984902,
  "notebook": 985134,
  "notebook-multiple": 986709,
  "nutrition": 984002,
  "opera": 984014,
  "owl": 984018,
  "pac-man": 986031,
  "piano": 984701,
  "pill": 984066,
  "pot-mix": 984667,
  "pot-mix-outline": 984695,
  "puzzle": 984113,
  "racing-helmet": 986515,
  "racquetball": 986516,
  "rabbit": 985351,
  "quora": 986409,
  "receipt": 984137,
  "react": 984840,
  "remote-tv": 986821,
  "rice": 985066,
  "room-service": 985229,
  "room-service-outline": 986519,
  "router-network": 987271,
  "router-wireless": 984169,
  "silverware": 984227,
  "silverware-clean": 987102,
  "silverware-fork": 984228,
  "sofa": 984249,
  "sofa-outline": 988525,
  "tennis": 986528,
  "tennis-ball": 984327,
  "youtube": 984515,
  "youtube-gaming": 985160,
  "youtube-studio": 985159,
  "youtube-subscription": 986432,
  "youtube-tv": 984136
}
