[
  {"code": "USD", "name": "US Dollar", "symbol": "$"},
  {"code": "EUR", "name": "Euro", "symbol": "€"},
  {"code": "GBP", "name": "British Pound", "symbol": "£"},
  {"code": "INR", "name": "Indian Rupee", "symbol": "₹"},
  {"code": "JPY", "name": "Japanese Yen", "symbol": "¥"},
  {"code": "CNY", "name": "Chinese Yuan", "symbol": "¥"},
  {"code": "CAD", "name": "Canadian Dollar", "symbol": "CA$"},
  {"code": "AUD", "name": "Australian Dollar", "symbol": "AU$"},
  {"code": "CHF", "name": "Swiss Franc", "symbol": "CHF"},
  {"code": "SGD", "name": "Singapore Dollar", "symbol": "S$"},
  {"code": "HKD", "name": "Hong Kong Dollar", "symbol": "HK$"},
  {"code": "NZD", "name": "New Zealand Dollar", "symbol": "NZ$"},
  {"code": "KRW", "name": "South Korean Won", "symbol": "₩"},
  {"code": "MXN", "name": "Mexican Peso", "symbol": "MX$"},
  {"code": "BRL", "name": "Brazilian Real", "symbol": "R$"},
  {"code": "ZAR", "name": "South African Rand", "symbol": "R"},
  {"code": "RUB", "name": "Russian Ruble", "symbol": "₽"},
  {"code": "TRY", "name": "Turkish Lira", "symbol": "₺"},
  {"code": "PLN", "name": "Polish Zloty", "symbol": "zł"},
  {"code": "SEK", "name": "Swedish Krona", "symbol": "kr"},
  {"code": "NOK", "name": "Norwegian Krone", "symbol": "kr"},
  {"code": "DKK", "name": "Danish Krone", "symbol": "kr"},
  {"code": "CZK", "name": "Czech Koruna", "symbol": "Kč"},
  {"code": "HUF", "name": "Hungarian Forint", "symbol": "Ft"},
  {"code": "ILS", "name": "Israeli Shekel", "symbol": "₪"},
  {"code": "THB", "name": "Thai Baht", "symbol": "฿"},
  {"code": "MYR", "name": "Malaysian Ringgit", "symbol": "RM"},
  {"code": "IDR", "name": "Indonesian Rupiah", "symbol": "Rp"},
  {"code": "PHP", "name": "Philippine Peso", "symbol": "₱"},
  {"code": "VND", "name": "Vietnamese Dong", "symbol": "₫"},
  {"code": "PKR", "name": "Pakistani Rupee", "symbol": "₨"},
  {"code": "BDT", "name": "Bangladeshi Taka", "symbol": "৳"},
  {"code": "LKR", "name": "Sri Lankan Rupee", "symbol": "Rs"},
  {"code": "NPR", "name": "Nepalese Rupee", "symbol": "Rs"},
  {"code": "AED", "name": "UAE Dirham", "symbol": "د.إ"},
  {"code": "SAR", "name": "Saudi Riyal", "symbol": "﷼"},
  {"code": "QAR", "name": "Qatari Riyal", "symbol": "ر.ق"},
  {"code": "KWD", "name": "Kuwaiti Dinar", "symbol": "د.ك"},
  {"code": "BHD", "name": "Bahraini Dinar", "symbol": "د.ب"},
  {"code": "OMR", "name": "Omani Rial", "symbol": "ر.ع"},
  {"code": "EGP", "name": "Egyptian Pound", "symbol": "ج.م"},
  {"code": "NGN", "name": "Nigerian Naira", "symbol": "₦"},
  {"code": "KES", "name": "Kenyan Shilling", "symbol": "KSh"},
  {"code": "GHS", "name": "Ghanaian Cedi", "symbol": "₵"},
  {"code": "MAD", "name": "Moroccan Dirham", "symbol": "د.م"},
  {"code": "COP", "name": "Colombian Peso", "symbol": "CO$"},
  {"code": "ARS", "name": "Argentine Peso", "symbol": "AR$"},
  {"code": "CLP", "name": "Chilean Peso", "symbol": "CL$"},
  {"code": "PEN", "name": "Peruvian Sol", "symbol": "S/"},
  {"code": "UAH", "name": "Ukrainian Hryvnia", "symbol": "₴"},
  {"code": "RON", "name": "Romanian Leu", "symbol": "lei"},
  {"code": "BGN", "name": "Bulgarian Lev", "symbol": "лв"},
  {"code": "HRK", "name": "Croatian Kuna", "symbol": "kn"},
  {"code": "RSD", "name": "Serbian Dinar", "symbol": "дин"},
  {"code": "TWD", "name": "Taiwan Dollar", "symbol": "NT$"},
  {"code": "JOD", "name": "Jordanian Dinar", "symbol": "د.أ"},
  {"code": "LBP", "name": "Lebanese Pound", "symbol": "ل.ل"},
  {"code": "IQD", "name": "Iraqi Dinar", "symbol": "ع.د"},
  {"code": "IRR", "name": "Iranian Rial", "symbol": "﷼"},
  {"code": "TND", "name": "Tunisian Dinar", "symbol": "د.ت"},
  {"code": "DZD", "name": "Algerian Dinar", "symbol": "د.ج"},
  {"code": "LYD", "name": "Libyan Dinar", "symbol": "ل.د"}
]
